{
  "total_users": 4,
  "successful_evaluations": 3,
  "insufficient_data": 0,
  "errors": 1,
  "MAE_mean": 3.4843120408950603,
  "MAE_std": 0.6545575110608828,
  "MAE_min": 2.8700007886904753,
  "MAE_max": 4.391163062169312,
  "RMSE_mean": 3.975033746870796,
  "RMSE_std": 0.8078549191322004,
  "RMSE_min": 3.355306357584575,
  "RMSE_max": 5.11610008093194,
  "R2_mean": -2.09023140453517,
  "R2_std": 1.4703435251162533,
  "R2_min": -3.366931901166369,
  "R2_max": -0.030476215956883435,
  "MAPE_mean": 49.66719412074974,
  "MAPE_std": 19.515704618105005,
  "MAPE_min": 29.867224594838156,
  "MAPE_max": 76.21845496667939,
  "Accuracy_within_2kg_mean": 30.555555555555557,
  "Accuracy_within_2kg_std": 7.8567420131838634,
  "Accuracy_within_2kg_min": 25.0,
  "Accuracy_within_2kg_max": 41.66666666666667,
  "Accuracy_within_5kg_mean": 77.77777777777777,
  "Accuracy_within_5kg_std": 19.64185503295965,
  "Accuracy_within_5kg_min": 50.0,
  "Accuracy_within_5kg_max": 91.66666666666666,
  "avg_feature_importance": {
    "day_index": 0.46857701497706444,
    "day_of_week": 0.19964907217621328,
    "is_weekend": 0.016704399938501303,
    "rolling_7": 0.31506951290822083
  }
}