{
  "summary": {
    "avg_mae": 3.4843120408950603,
    "avg_rmse": 3.975033746870796,
    "avg_r2": -2.09023140453517,
    "num_users": 3
  },
  "individual_results": [
    {
      "user_id": "user_eco_001",
      "mae": 3.1917722718253927,
      "rmse": 3.4536948020958738,
      "r2": -2.873286096482257,
      "train_days": 48,
      "test_days": 12
    },
    {
      "user_id": "user_high_001",
      "mae": 4.391163062169312,
      "rmse": 5.11610008093194,
      "r2": -3.366931901166369,
      "train_days": 48,
      "test_days": 12
    },
    {
      "user_id": "user_moderate_001",
      "mae": 2.8700007886904753,
      "rmse": 3.355306357584575,
      "r2": -0.030476215956883435,
      "train_days": 48,
      "test_days": 12
    }
  ]
}